feature_1,feature_2,feature_3,feature_4
-0.34917738578058,-0.7204688037377927,-0.6530206371886602,0.046462096261451785
-2.1524489620680654,-0.6245863054199241,-2.4831637470828483,0.42196890641011414
1.930332928102366,-0.041467631581275866,1.9838166930292274,-0.39979291754246127
-0.019691564641003412,1.4778600440795004,0.5767869500441865,0.056554552797821775
-1.5383168918922516,1.4886087353284594,-0.9927543539667987,0.3703014033423534
0.9682168283875883,-0.7029016341507226,0.7194094747802726,-0.22475541197579874
-1.870279006626644,0.8125448820285793,-1.6099894997380424,0.41478835869239566
3.374042813944251,-1.0070223106657379,3.089884741680194,-0.7319943193655768
-0.14804345270200187,1.5774835483747376,0.48402192231890484,0.0865781577758575
0.4784817695324461,0.1366677537170622,0.5511193588103709,-0.09387946383952187
-0.8987230389731315,2.223172531498526,-0.03305391957470416,0.26441312466943806
-1.4590873032356755,1.5917095449219283,-0.8689793080204437,0.35761452486632517
1.9567606444321646,-0.07830966557338837,1.9963183946984322,-0.4065547905501374
-1.3419970161397803,0.6060237853404626,-1.1459385097184605,0.2984432035290171
-1.9225461674472368,1.0591791495559257,-1.5644950088347473,0.43433363238100636
1.992972097053752,-0.13191217370963937,2.0121870268331183,-0.41593082193758235
2.07611056926222,-0.14432432929974892,2.0933350434687323,-0.43352712713354596
-0.8827329888870687,-1.7084088152404675,-1.605212244565388,0.12147008926388955
3.1603428819788038,-1.011691108143728,2.8665221001376278,-0.6880636257233854
-0.5835467418646998,-1.157548586824383,-1.0725396992932885,0.07929932997847866
1.5376756610195954,0.2685239878754462,1.7021373786934302,-0.3077585241429117
0.6015966618533712,0.9792540624583971,1.0191985880049372,-0.08935663042516827
-1.5542893153970505,2.68124842598376,-0.5273688943722021,0.41595794556183235
-1.456977200355417,1.1362856906365422,-1.0508266768876322,0.3410031779453571
-0.3157676891126976,-2.122575292968069,-1.184978690908924,-0.01023251770151426
-1.205210156237354,1.7017585988105355,-0.5613939130343604,0.30913628848603586
2.300359033249888,-0.7395791912329945,2.085204231444749,-0.5009428229195069
-0.9078419056044487,-1.6637509602858527,-1.6131888284754918,0.12823743634723522
0.12727413412783672,1.364599368568012,0.683332399190814,0.02220565730988533
-1.3080976668125683,2.055189888087427,-0.525205651796718,0.3429202231414591
-0.27584579561994915,2.5749561562663956,0.7546422798819463,0.14837853894637654
-0.21060896474775453,1.5848160070590533,0.4221427936450348,0.09974885407171569
-0.7764495044618638,2.034137390073816,0.017280829875644055,0.23246801559628696
-1.2260458585438831,-0.9827804898455774,-1.6677951386847172,0.21808512768072194
-1.724163253198606,-2.8461103157849603,-2.9369991877041315,0.254688067109437
-0.3211052192334064,-0.6899752512637054,-0.6116047102898645,0.041752547532013295
-1.4782296484568822,0.09568226127013679,-1.4933545299612194,0.30842799446378566
1.51135606033909,0.2791824898958285,1.6791671067072378,-0.3019489580223231
-1.0950378958364881,1.0283162758090407,-0.7193470322734352,0.2624828778698598
3.197495578712719,-0.47769079555871563,3.1208132672811484,-0.6767631622060124
1.0997502853045025,-1.5967588374834683,0.49452640865965836,-0.28364544595995167
-0.02702043803993015,-0.7318742524838904,-0.3237499793829969,-0.020419401295733747
1.0291744891426942,-1.148473255932981,0.6025322305777889,-0.25315989040817277
-1.6172296283626841,-1.6237689478836974,-2.332233113695344,0.27603816665471514
2.0116534634990284,-1.2870735591514488,1.5647538579903764,-0.4608151788582795
-0.8417431602347558,1.1935026187583362,-0.3900845686399217,0.21608320973518969
2.590527716008886,-0.5169292577662638,2.4759031229860033,-0.5529103354041849
-1.4880839934779166,1.3164225184767675,-1.0102730852504833,0.35382017180799796
1.6018395647073587,-1.1953968525374103,1.1770737740087753,-0.3729947502041421
-1.4884643457278877,0.30759481219954676,-1.4183289589542187,0.3180666993816495
-1.6321154721291231,2.7034603311029457,-0.5990512675218604,0.4328061374040407
-2.1926112367145754,3.1356282995039186,-1.005305571168094,0.5638131540283167
-0.08569300578154027,1.498089962522883,0.5165586582709307,0.07089234296073489
-1.6096804832021552,1.2340341778067287,-1.1695868775620406,0.3759850432987897
-1.57766837043506,2.665313959633461,-0.55803769171086,0.42021619642022223
1.4894154445949574,-0.7636245968165887,1.2350355593591806,-0.33446040999683546
0.19678425786671533,-0.8260833012562014,-0.12987087288425747,-0.06994717527223757
-1.2345828103762102,-0.14799980896617781,-1.3393124880273142,0.24949679283384876
-1.435969326981472,-1.877203961775583,-2.2467888288984246,0.22963388379665325
0.45713833945693605,-0.09105764216737722,0.4369767183297797,-0.09756373714189111
-1.450359641901316,-2.2813301229969936,-2.425007916503199,0.21824937519965965
-1.4538732515004091,-1.8248958994627698,-2.2442068402929953,0.23518621942761544
0.4580292670202109,1.0916369815223461,0.9158204031494238,-0.0557401441688721
1.1662497921893997,-1.049927147630204,0.7844173407580147,-0.277944883543145
0.9063289491773938,1.3469911299795223,1.4836199281506142,-0.13917604694126673
-0.9522783641492074,2.1875823428907615,-0.1029398040581353,0.27420004402349957
1.934018554579318,-1.5090546274843313,1.394592665437798,-0.452679797033242
0.9311035261459808,-1.1644275952100795,0.49444561912586615,-0.23348983064348328
-1.8965970885767063,-0.37896526283640397,-2.1187478808487894,0.37789849110084994
-0.903102404913863,0.9915017403449424,-0.5353039770914851,0.22156980780735053
-0.26261980023171805,-2.020644318009868,-1.0887071245927875,-0.01757904412272923
2.2223424717521207,-0.5947883020174843,2.0628580127797522,-0.47970153070195354
-1.1298569153284252,-0.8202054668082617,-1.5024104244427174,0.20401115239054876
-0.5959800810675397,-0.8949807858976745,-0.979323268406657,0.09119091393462994
0.6070932872726511,0.981670276176913,1.0258716021977747,-0.09040502720071
-1.997728410623121,1.0890211879835858,-1.6303539676266072,0.4509072685526241
-1.508726951099631,1.0223283952574849,-1.1505089992552677,0.3476340457715341
0.23123889043029885,0.56903546148795,0.4695972434648139,-0.027504412809009185
2.2019262635555426,-1.483309561409189,1.6826523900138863,-0.5070475534430323
-1.7047903025873832,2.785880160967557,-0.6410651803870593,0.45072985396353027
0.3368049380370352,-0.9116565157351688,-0.01933480696291201,-0.10187956646512238
2.4803787578759597,-0.4888754602888292,2.3730824684974685,-0.5291849081908039
0.6916413584255534,-2.4741277694240353,-0.2829726315251784,-0.2305957960540907
0.921352667961479,0.7313548159139176,1.250415107025794,-0.16414258278914104
-0.3138815931146054,-0.4585910619261664,-0.5106171644911566,0.0484803665803464
-0.8590505948094649,2.7105590444717222,0.20501230520314473,0.27353799561541164
0.665777956351299,0.910661702957779,1.0579975077505726,-0.10503659430609545
-2.075963194581116,1.8495694182386055,-1.4041022227960158,0.49406431294123543
-0.2621532682689262,-1.145840303605309,-0.7347201658903233,0.013396336707245882
-0.7463941389387398,-1.9435086565460407,-1.5589148632803993,0.08498648761217434
-0.17025189383658995,-0.4061616666896717,-0.34057466588913465,0.020704895484953197
-2.189858846724605,-2.87861872007546,-3.432776894004388,0.34962870559879794
-1.4865378285351774,2.611189153235899,-0.48546264225756497,0.399489177727857
2.4688015586673435,-0.4534745816859109,2.375389298975728,-0.5255385950402962
-2.4375821328194607,-1.7031131401636674,-3.2144990045297046,0.4424979640972956
-1.041638606450367,-2.004114689078034,-1.8893931946192746,0.14375691928221218
-1.0315983660907113,-2.2008369198369158,-1.9584819742633321,0.13469787616828616
4.744569321297217,-1.110665547970096,4.46840006188654,-1.0184807632407102
-0.3055027502455676,-1.1436464452081228,-0.7787605149521946,0.02241933155846415
1.9931437106906444,-0.7393894910773481,1.7668866701664976,-0.43754286319258956
-1.8113878941903576,0.4621880122339215,-1.6905327362169775,0.39019218477933426
0.44658587926906534,0.2687519474472826,0.5714373368333259,-0.08260639469422956
-0.6813829250444856,-1.1139521879251142,-1.1563188647672673,0.10103609103776945
0.7889425083399698,0.229944061214731,0.9105695252964319,-0.15462934414521998
1.4256107382940129,0.34714671140757225,1.6177656644090455,-0.28184161384225104
-2.1757665055780784,-1.641968204113605,-2.9184481481216533,0.3906446428050537
-2.1174577769831804,0.032961276204467094,-2.1811879780426797,0.43810359591682124
-0.8695526565753334,2.135675185783649,-0.038179282740176346,0.25528611221920844
-1.6446155183794673,0.9614994291228797,-1.3159229029672814,0.37351381149486357
-1.3320660228807764,3.1909072863827888,-0.09110906196925483,0.38820491948309926
-1.9298077413990495,-2.098603275603745,-2.848063180935358,0.3236726279273204
0.8845186464155118,-1.4553897212839333,0.32858943572724186,-0.23421165321635237
-1.302436477274841,-0.35546025845540563,-1.4934688189511427,0.2561295856898782
-1.1852711077969809,-1.5999659272884919,-1.8749378961264198,0.18774989930218
-1.1150809031332423,0.7562101044407137,-0.8500759556691896,0.2569539304877679
0.27917253713211154,1.235241763398354,0.7884853629177908,-0.013732828467627717
0.3272732512240819,-1.4613542582850116,-0.25134314027315563,-0.11943711381899726
3.0414271942445446,-0.4084522693144823,2.987044799179914,-0.6420995438769049
-0.8154036125144203,2.498332810140892,0.16448806167155494,0.2569935959199565
-0.3687364904073284,2.1512542571864834,0.48715590770489037,0.15249711600115462
-1.0031875936356243,1.4608384771135476,-0.44937467508726314,0.2588922667117089
-0.5014114784098924,-1.6111637060488655,-1.1707190667338252,0.04623920647117716
-0.5181737394730463,-1.6949714096793467,-1.221957498165027,0.04672134655560711
4.100280316031027,0.02267544140403177,4.258643593449173,-0.845278639721284
-0.12861411121198896,-0.5577365290413544,-0.35867233643348573,0.006729330194992625
0.5182274031164809,0.15768382146933013,0.6008037257346575,-0.10133443261560349
-0.23356464263709403,-1.1420318854962348,-0.7035523018914991,0.007632404179936797
3.3140257883559263,-1.1473722735607867,2.970969185796647,-0.7245949427516628
0.9736912926383072,-1.7696069999315112,0.29403342035675684,-0.26377273571952425
0.13699525138988555,-0.8137419273344098,-0.18684839013897503,-0.05717149622525246
-0.5394662850260564,-0.508913566696076,-0.7647454363980007,0.09324190775950865
0.9654765504748197,-1.3397380039630808,0.4592274389108436,-0.24680937756160118
-1.4065418748078247,-0.08872358701729177,-1.4935755751915876,0.2870855736181267
1.2395624453022096,-1.7869050101418322,0.5625890143633482,-0.31924907479159637
0.3172617759406022,1.2579050998479824,0.8371187146185677,-0.020787495372947717
-2.2664608517759426,3.2256146512009547,-1.045479426976276,0.5822480357008518
-0.23843121916488097,-0.25499237777818173,-0.3501482168738288,0.04014284577353424
-1.1378061021735244,3.8610394638795125,0.38101624999008465,0.37192183237129217
-1.3878483660471659,-0.7225413094961006,-1.7303240769948034,0.2607160097515694
1.8676059742524518,-0.6153355603119426,1.6869103947517186,-0.407232222423794
-0.9047569570673393,0.8272989037048857,-0.6033721904253027,0.216078997218959
-0.2775186988017024,-1.210881170768854,-0.7769273646372811,0.0142568120267286
1.5128731483366857,0.2575670965541823,1.672004737655152,-0.30302975030060225
-1.9441669756625986,-1.2242722909651982,-2.5096326144598087,0.35769047250503555
1.9923810074018082,-0.09588245404925444,2.026133838616115,-0.41452913345950254
-0.39831247513806567,-0.41681601771502075,-0.5812392384673868,0.0673862809173035
-0.5680066059405071,1.9120544026143396,0.18397545265104975,0.18512007749555176
1.8340225157579702,-0.7553417210200509,1.5955291943695777,-0.4052751442901247
1.905870152866122,-0.05741210190144441,1.952020698729353,-0.3953113986742278
-0.23119875346120478,-1.391233806879042,-0.8018014375546967,-0.0017070482834925238
1.8950309722017766,-0.02660861424119787,1.9532346224536312,-0.3919806660869121
4.374623942009546,-1.4171462471254668,3.9611460263372114,-0.9530290364026923
2.4122144266990952,-0.05666091741928503,2.477093285748686,-0.49976777101877845
0.5009278142057231,0.375013951273961,0.6706965426830593,-0.09004547868984886
-1.7414620404287433,0.8222955355284534,-1.472544980108278,0.38855358215048114
-1.5163021537451367,0.5719268686546612,-1.3403646060277534,0.3331996259405206
2.0392528677149384,-1.656642535810953,1.444016770445418,-0.47963675950953744
-0.06052325466156838,1.5230059583634399,0.5527126974726566,0.06658359547003018
-1.9600495536584925,1.4064204534063762,-1.4630447763431529,0.45440583497834197
-1.5719004304755124,-2.7630207143047065,-2.745619805820003,0.22622017134870082
1.3731471652980674,-1.4799088603430606,0.8250900325177943,-0.33590997932477823
1.8484113620425502,-1.3143904390147119,1.3845331328637729,-0.42810077405573643
-0.6437575806734483,1.0036536772040252,-0.26161163007994626,0.16848617791588605
2.094456002953476,-0.19136993177153894,2.093337160428161,-0.4389836530212785
2.2355269623412495,-0.30294460960638747,2.194454675795842,-0.47205629774170943
-0.6937397631468463,-1.6710440802305921,-1.3942430853693657,0.08379887913228184
1.8341142988173518,-0.004249995388791561,1.899136318074163,-0.37861649877141085
-1.7861114738889423,0.6255501358695218,-1.598322833939173,0.39077881282750454
3.421327007544485,0.4645936004760298,3.7335613322317687,-0.689481852090991
-1.5849340725593766,1.0865450149174398,-1.2035395517777836,0.3656400938863307
1.9634749143396595,0.10924225253340425,2.0790656722086513,-0.4012787195749211
1.663480435000165,0.1837553011779165,1.7982653578207142,-0.3367289180822673
-1.0523291006209345,2.2952005951299936,-0.16314322971114237,0.2986677279098568
-1.5048452737048703,1.78810718230018,-0.8370391151632139,0.3740323158216924
-0.10141926903569044,-0.2292238246463767,-0.19773777131430048,0.012785982246699752
-0.4952965856850772,-0.19528328326745714,-0.5922322398632416,0.09526723455163477
0.913590552659344,-0.33981895771043424,0.8095151639623818,-0.2005872775228943
-1.163023355672956,-1.212513149543235,-1.6953130781100514,0.1969208305203932
-0.41564326516398997,-1.7297107524730988,-1.129734139294587,0.024330517166359616
-2.273721461809798,1.3095237428865893,-1.8272859444042195,0.515689742216965
-0.6761794680020271,1.0828696450230624,-0.26320254589775516,0.17798999003863997
-0.9131076947951968,-1.880520598465432,-1.7062416368583821,0.12162470749189455
1.4389999306507761,-0.6018455930419329,1.248159533044971,-0.31831114381363423
0.04093486085267405,-0.11765386997847904,-0.005118885210251944,-0.01262569913703302
2.0087194858889523,-1.5851002218479553,1.4412821977602646,-0.47079519243355616
0.6784559095086796,-1.5772799157167685,0.06577337370031067,-0.19602039614684713
-0.528810032745412,-2.142861517476149,-1.4139707315640575,0.03300777780573086
-1.460811306280573,-1.826717592558678,-2.2521334918307074,0.23655316848336894
-0.14843642258592205,1.577313491336954,0.48354593401219026,0.08665320611146861
3.6968836324150183,-1.4452169388827558,3.2474010142793706,-0.8141758057487629
0.36674736665055985,-0.6039133836947015,0.13605445426818896,-0.097127575183852
-0.6095390751111932,1.906597934131265,0.13872677886344675,0.19349640820149222
-0.9944007888939407,-2.074187389570997,-1.8687524855696875,0.13152062611169194
-1.811865587004776,0.7483778818520895,-1.5753800720941555,0.4004557651342908
-1.8887455614266306,2.899705003934848,-0.7857181820745467,0.4927315040461486
-1.323822253350479,1.7549876329758463,-0.662812488144436,0.33550225065685696
3.0900671371448514,-0.8468488711496328,2.860301008005697,-0.6677074423809032
1.725310513866266,-0.45895559608839165,1.6026293892098809,-0.3723154919670524
-1.939665739125047,0.5711747068876665,-1.7794374132513806,0.42053307676255575
-1.4489032617473858,2.5717169800309767,-0.4624091219556681,0.3903213768356258
-0.9090737494423619,-0.54639809185715,-1.1629493990013762,0.16817822330740972
0.35382714968656925,1.1653918235013496,0.8376305206561874,-0.031618606289343515
-0.5133577062556157,-1.6234410606649168,-1.1880612026656896,0.048268212795733956
-0.3984658950546962,-1.0307395575350082,-0.8294813386925535,0.04561235005814694
0.5855508446135302,-0.32212272304571765,0.4766897567370789,-0.13226844629254053
3.1790310041405005,-1.0699723118465503,2.862339131107359,-0.6939899353454048
-0.3263933364257384,-0.6105124573301475,-0.5849747761954578,0.04566613134481716
-1.354764632270637,-2.233407821258992,-2.3065692766199977,0.20022567432917998
-1.2800723167583794,2.776219083358451,-0.20479662131743304,0.36274706380019295
0.5232440680040503,1.4166960450036488,1.1147627933095339,-0.0576514967842606
-0.8662409102625984,1.7209334233716322,-0.20234187528350778,0.23987177202462345
-0.9039917118432492,-1.0120828036989802,-1.3458630465606103,0.1505891746833399
1.810699501432781,0.04390910883846899,1.8943303342177842,-0.3720743707618804
1.1850492579927852,-0.9716778303906096,0.8355209932520701,-0.2790448215029986
1.5391702160837784,0.2753469543098175,1.7064434402532715,-0.3078245814425588
-1.114732941370854,1.3325599368760126,-0.6168155614195492,0.27735315966595275
-2.188010894845502,1.5718424531021284,-1.6324550208482849,0.507320694652813
-0.29325195505179485,0.4221852268011148,-0.13332004530453556,0.07550725947424897
-0.8990506543611639,1.2929544602677456,-0.4092894198747883,0.2314408594463525
-0.2603864116492306,-0.17098132086647944,-0.3389539087423046,0.047657191844867705
0.2524692698073312,1.2436121061807293,0.764192831036767,-0.00792536533984417
-2.251416763431484,0.3109370830752598,-2.207692957885993,0.47561900402281965
1.1042968681436907,-0.9744988312107007,0.7506902492844013,-0.2624819367895017
1.2458249980417422,0.4835410720967487,1.4865541179389783,-0.2398987015525737
0.26359349655656433,0.20822551266842138,0.35732786382941706,-0.046996112407302046
2.072428796965072,-1.8793781203391977,1.3883936849565977,-0.49439375532381535
1.7098105631643863,-0.40991827987803386,1.6063811366352776,-0.36737538287422783
-1.188460571909659,0.9957840819008446,-0.829315234896925,0.28060495455538076
1.539622202655114,0.23812278163455136,1.6918697918929553,-0.3092399913720986
0.31957518809352686,0.20693557885992564,0.41482535191777314,-0.058593630600727635
2.1156029958103315,-0.5451558187497817,1.972290731357593,-0.4559132021798433
2.641019168613696,-0.9700691289720204,2.3451205405277866,-0.5794239464623252
-1.2789479938508257,2.4639593395674586,-0.3298138174611742,0.3514240922038857
-0.3807350190319053,-0.34986392142529,-0.5359672062707914,0.0661372426944111
-0.9875549927236356,-1.5717118404363624,-1.6586100030744704,0.14795514394686352
0.3904375599559425,-1.1211716785253771,-0.04841452625080289,-0.12038818849298366
-2.1497289002206643,-0.3420800187866646,-2.3661854844363788,0.43144180194459514
-1.0694230490840861,-0.1261785377266882,-1.1593250685732408,0.21619148775669428
-0.6475083244815387,-1.409753490495243,-1.240743307264835,0.08353974768127029
1.8965081286998362,-0.03392275453765059,1.9518099259243078,-0.39254526079978147
1.422157646536713,0.34206385388924,1.61213296764025,-0.28130961079912187
0.306713795058479,1.2156443758175781,0.8091095915114521,-0.020111975949605565
1.3556397344148499,-1.22344679675465,0.9105804419985495,-0.3231882335394999
-0.6092057350029121,1.8977942005709978,0.1355147085839803,0.193114929557557
-2.6912040954074716,-0.19604396627110043,-2.868351422005424,0.5483610138873484
-0.3839553983781795,-0.7254352765914165,-0.6910710699446811,0.05346206322908008
-1.1532572354129045,2.341792184352966,-0.24891651637357826,0.32114889094400306
2.014532132099179,-0.149463318210882,2.027439264371463,-0.42100307762328054
1.423007745091015,-0.6814485157136971,1.199418327151256,-0.3178385600160498
-1.319511766952556,1.8354261974129595,-0.6258403747623107,0.33746984105561395
1.8699121414589452,-0.5421296377158205,1.7188825856822438,-0.40510793701230896
-1.6252538748248155,1.4798492014895903,-1.0863944631290825,0.387929538295804
2.4541672399743995,-0.4433325529682788,2.3643208069037263,-0.5221586060677456
-0.742260575992196,2.017176092537005,0.045859852611309426,0.22481076530773272
-0.9623194069233665,2.5701728093004794,0.04125646719609888,0.2898609971358021
-1.8880491837024531,0.010725984606850592,-1.9524168644512827,0.38997586325749906
1.5716086506288622,-0.49693886771691276,1.427985821004519,-0.34194854811624653
-0.6219196376208393,-0.7883754987818996,-0.9631281035415046,0.1003299361317662
-0.2580262997430489,-0.16294904408900301,-0.3332621190119549,0.047455481532210984
-0.8095235797765556,-1.4809748554163324,-1.437434102896797,0.11444157786021986
1.414675939401987,-1.0584942425793347,1.0384212580517989,-0.32951137497572014
-1.567847046006571,-2.647158884284038,-2.6945998045762867,0.22949899229107418
-3.0200076361045847,3.8144983646943054,-1.588481492433084,0.7586570098297966
-1.5592810890455961,2.668145749299047,-0.5378370267582886,0.41652260107310896
-1.7628612231317355,0.9631830888556728,-1.437790953441155,0.39797335958479635
-0.5229800069986257,-0.378942845386784,-0.6951388109939692,0.09445635322556026
0.9060867397774723,-0.8594475625790063,0.5917592662694853,-0.21749526430992672
-0.6829633451133547,2.2173506328629866,0.1882042019855492,0.2196847907266619
-0.6670780157986828,-1.5443275443473121,-1.3154057257937388,0.08279805486593009
-1.8832252205889923,2.058184214946412,-1.1200508519280041,0.4617029121604603
-1.6559336513896261,2.7279325046293534,-0.6138470687720332,0.4385901802525907
-1.520716105060349,3.309942764619393,-0.2385221325634762,0.43136040976309264
0.22474208788872674,1.263282064947162,0.7434052386959752,-0.0015052752282397053
1.691569100344696,-2.0422938930859122,0.9278419744400641,-0.42159068446000303
-0.7722167263682753,-1.313703583723005,-1.3311763412413131,0.11268459860757837
0.8928525416544396,-0.09745133832780295,0.8859619528198579,-0.18769952073399754
0.8518037706020812,-1.1997081648371384,0.39800363591943344,-0.2183796062105362
3.011479058869838,-1.3590547034279994,2.571873744786558,-0.6696836986115894
1.7521792936963132,0.08679582944576125,1.8510109897167832,-0.3584755834257956
1.9571651763774285,-0.5473276986929876,1.8072100606148962,-0.42329704020610465
-1.0462948987653329,-1.4528144538690428,-1.6714415516547327,0.16429904364504316
-0.023993733747251333,1.4643203972681913,0.5668569382007768,0.05696138940850329
-1.4347261959474225,2.55277115448878,-0.4553720866840467,0.3867230441396249
-3.000335812753785,3.759102667685627,-1.5904789482811772,0.7526302041937685
-1.554351248123856,-0.5565117209936319,-1.835793999846609,0.30097062899703236
2.5381647620748145,-1.0738599885957496,2.196582175715784,-0.5618866470456342
-1.1787949439650833,-1.5825025358499512,-1.8611692191879097,0.18703382872492624
-0.8794661259726437,-1.6862975509209182,-1.5928914683500637,0.12158133609720329
-1.7155747302610664,1.8644732778380406,-1.0245774413179176,0.42022828889533337
-1.2831166457090972,-1.9202314865590187,-2.105761356091168,0.19656479204203303
-1.615290985528005,1.045713315946501,-1.2515009497021108,0.3704539005936916
2.1776933170250565,-1.7162493445080373,1.5634079849220868,-0.5103207879811166
1.100310950156201,-1.0026205896660552,0.7351954458035086,-0.26265829135529406
3.6024732589893347,-1.3592253794320763,3.184303965564355,-0.7916401444280985
-0.6668351771653023,-1.0276184499810797,-1.1063547713675632,0.10110063171728154
-0.7691982708671015,-1.421083753481779,-1.3714397818097437,0.10824777377523426
-1.1590254548233268,2.103440091042077,-0.3512113877407175,0.31387326296927476
-0.5420196582663902,1.8512312937516573,0.18632972769564948,0.17759738647501536
-1.2767968197417812,0.6237414865719649,-1.0712061955787573,0.28561858765703746
1.8690342116815046,-0.04733713751546387,1.9179156152241745,-0.3873525346104842
2.681999201240018,-1.5652541766751997,2.1470807702075554,-0.6090201154265
1.334978633344125,0.39117530997295513,1.5416273673465963,-0.2615760478051113
-0.16446160930038228,-1.0752398495517466,-0.6049444685926841,-0.004254511311196835
1.605544825582337,-1.089025032071938,1.2238981239695,-0.36998116476758364
0.3701410349273802,1.1498789866693158,0.8482693812661666,-0.03553593278221295
-1.3799768035556672,-0.21662201409122428,-1.517726904010146,0.27706117930589463
-1.1806812212477353,1.390006842130671,-0.6619495795373807,0.2930018683572948
3.2157657609286243,-1.0518134457458057,2.907748482654687,-0.7009250994254598
4.582285301316355,-2.130330819059668,3.888169799285415,-1.0212106947005077
-1.7270319932766645,1.9841547905472787,-0.9880889735984493,0.42684336768798015
1.5519106389707402,-0.9021010180585395,1.243847263696133,-0.3522746215803608
0.854174783416132,-0.8124895416412379,0.5569338228820349,-0.20511546933063524
-0.3552104541689606,-1.0825294179072702,-0.8055799220162116,0.034847189192266204
-0.39825887355835166,-0.43178486980716624,-0.5872325165580168,0.06684355050275095
0.224042683820821,0.8965198785988422,0.59447381935681,-0.014387764846584217
3.171504610576081,-1.7629569654288764,2.5745076131974702,-0.717050594078391
-0.13480714339532762,1.5505192039271216,0.48684373000049097,0.08288914310974678
1.898832423178944,-0.053125408758782244,1.946459110334772,-0.3937069217413672
2.369201096296078,-0.41809902301378465,2.2864596600947196,-0.5037297699432567
-0.7925966447531643,-1.1935982140921604,-1.3037639266268584,0.12115590289329126
-0.9795652489879334,-0.5686294753675583,-1.2449895092455199,0.1819343693944227
-1.3876395021020862,2.5288575589880296,-0.41623536207346756,0.37615743309374783
-1.1599601563292496,1.0410366176395336,-0.7814914526310432,0.27633125319426555
0.39378734748932853,-2.2318321141646633,-0.4937545697032115,-0.1605283040054429
2.402005759727447,-1.5817657065101052,1.8502267604356872,-0.5518305335323171
-1.5835800149989847,1.9859293489132352,-0.8387000015298517,0.39730538961427775
-0.10976559680640756,-0.20695468980829634,-0.19738896986182952,0.015299193341511693
-1.044279474492042,2.262451597497344,-0.16803438356620792,0.2958435124854877
0.9626990910668294,0.6955302383539028,1.2787895231714297,-0.17394676045704932
0.6685399758754055,-1.250880472671128,0.18739282563166704,-0.18238107491031097
-1.2988912447657184,0.9030583577806535,-0.9812341899412622,0.30009861628473145
-1.1564423964323232,0.9035906284010398,-0.8333868511160281,0.2707235078332327
0.46508842513558374,1.1062576116477132,0.9290445441807481,-0.05667748472943651
-1.9587434362204714,0.21243049347231358,-1.9441758532197377,0.41172769409148463
-2.126768164058398,3.101119551830477,-0.9510114062660491,0.5490008815339875
1.8987890910769223,-0.0226493242761292,1.9587294181946773,-0.3926155181549397
-1.0981022886988234,2.124734221418679,-0.2794665204941703,0.30205823218769745
-0.9223912886341787,-2.202032120594637,-1.8457840634548361,0.1121207786916203
2.2026757271836805,-1.7499237674808805,1.5756918029266858,-0.5166719166543556
-1.3520217589400532,2.9686743669814577,-0.20159403398896947,0.3844293825395991
1.7019634892536695,-0.2659910024868929,1.6564087394104807,-0.36064408780860147
0.3156978261864397,0.7132803242826169,0.615418004764055,-0.039808984426022695
0.9370521392828098,-1.6462704439453217,0.30590066639054747,-0.25183160661858345
-1.3830834818076159,2.5394038470736673,-0.40725186161101123,0.3755918954896047
-0.1753659205745653,1.6147495679184332,0.4707642412599169,0.09353972013552293
-0.8509042061303961,2.9874987075798387,0.3253649051842975,0.28169346264117573
1.935849198524647,-1.2210585290259228,1.5128675487173908,-0.4428283826314463
-1.3595844146535818,1.0536370149570355,-0.9832878516261925,0.31797083617840927
-1.164983232955122,-0.092192681565056,-1.2446289831092818,0.23711725003895504
-1.3165900386815728,2.071490396204825,-0.5274200976252399,0.3452515739841019
2.0246666124488675,-0.6554034136705589,1.8334949296659977,-0.44106449422388155
1.1976996930569654,0.5206458339343775,1.451671466555031,-0.22865024605903067
1.309237579508137,0.44610586190455725,1.5371467841041482,-0.2543133907099324
1.176049926479146,0.5174773785533311,1.427953556945618,-0.22429540173278367
-1.9136386073580844,2.2997253572597494,-1.0539654794553148,0.47655780680216686
0.4280489847186882,1.102626780977641,0.8891901207786961,-0.04916343710080054
-1.0809273815719933,-1.8389575195391892,-1.863372506304065,0.1577301938914983
2.417852162918005,0.16430641298433124,2.5722278396486327,-0.49308269727523524
-1.8006537057614547,1.8168105572741085,-1.1320124962132243,0.43609124862347054
0.7043671690883134,0.8903941042212138,1.089800873521859,-0.11371926836648232
-1.1685224256268718,1.4989100908270823,-0.6053411530308292,0.2943609973669513
0.9774514721305063,-1.1898321763199307,0.5322142154365084,-0.24395596009514064
-0.3483223121363008,-0.9295771800678378,-0.7366339844636579,0.03885845635701167
1.363043016221873,-1.4555459722671544,0.8244631234532769,-0.3329596787911277
-1.2851905012596725,-0.7909997173859564,-1.6515943793875816,0.2371012459915627
0.2582209518355151,1.2487787091182099,0.772241599822229,-0.008928703043519975
0.695732617029871,-1.1345527913323947,0.26258231857517167,-0.183860443580731
-0.5820840232322363,1.902892154054396,0.1656833750189759,0.1876994938020852
-0.9006652494584542,-1.7147588040096773,-1.6263630162310374,0.1249448312001985
-1.6830020583885115,1.0153063802911424,-1.3339631548798052,0.38334592898406716
3.2177624281073127,-1.089468812648541,2.894601479263851,-0.7026745662140639
-1.1414384160597308,-0.6529840473205484,-1.4468401025000832,0.2123404093260683
-1.2075381827731193,-2.32202801067748,-2.189796504817518,0.16669816440558816
-0.9323059220673946,-1.2656401148940486,-1.477668652391221,0.1474257983007137
-0.7401771384486545,1.9725639064894966,0.02999156493495314,0.2227962984777424
1.773587836403249,-0.9952959862578389,1.435931241027273,-0.4013273722860437
-1.5185164410455916,0.6428471622869971,-1.3140009690722485,0.33617551551972136
-1.4763984630956064,0.19153747215134476,-1.4527221526435714,0.31145475809329515
1.1834399356774212,-0.4605301958111143,1.0404050355758412,-0.26055758943406093
-0.1384411287766154,1.5576417435138943,0.4859556905637442,0.08389198947677994
-0.6263968355402003,-1.2798836380931524,-1.1663839301760914,0.08379620810736119
0.06335474514266828,0.10190253072485689,0.10683833365737883,-0.009453699579373398
0.025410584321198165,0.12781677518139323,0.07798527005367406,-0.0007035707115663273
-0.09331298703230545,-1.1707135870063163,-0.5697873109664362,-0.022326952146577067
0.25283968850191835,-0.29394779043085695,0.14325730136808246,-0.06261348508600097
-0.19139700789751113,-1.0599596828102427,-0.6266853569559395,0.0018462775746558857
-1.8635523744559286,0.511973065306637,-1.7244775042953975,0.4027244992136449
-1.5301192833256754,-0.35012902053646777,-1.7272821820232123,0.3033008007320718
-0.1654515705283669,1.5983800946006022,0.47442453949490604,0.09091249761623006
-0.3023989268917645,-1.890206230103277,-1.0772244189785303,-0.004737753144531953
-3.712114922939496,4.327862548465684,-2.0983254342302837,0.9197057419196204
0.8058227732919611,-1.707644684682541,0.14509515969704245,-0.2269326243603244
-0.05215788438983693,1.4828749792851248,0.5451657592385177,0.0634320306676201
1.632486326166278,0.15504117131352135,1.754540220336742,-0.3313532305746694
-0.22277809366352674,0.0076900954548349,-0.22777697765068194,0.046242921048828114
-0.9500914105965482,-1.922203584629488,-1.7614149729499464,0.12777570436013796
-0.16695437467519053,1.573352854191481,0.4627536825318981,0.09033367020782526
0.9555324003040191,0.6748118774815377,1.2629898774366208,-0.17320381247370376
1.068445348524981,0.6129917145901932,1.3550302965843608,-0.19869891075572463
-1.6253751222805648,-2.4830239874232025,-2.687895200519186,0.24719959801185448
0.8678359938550723,-0.2666466346533565,0.7916642265037155,-0.1885469579409026
2.1570494536112395,-0.2154977383033876,2.1484583374190604,-0.4527566584607156
-1.730749724803795,-0.6494193008191815,-2.0561546700911313,0.3340701461138336
-1.0653957426603753,-2.2947811360809696,-2.031471500429105,0.138335142921149
1.3846112993180237,-1.4780658967352132,0.8377160527426086,-0.33821011961437203
-1.3013607793609483,0.06754122068108492,-1.3214214269345996,0.27093195820796817
1.423920357145961,-1.7098445533843494,0.7847950117109359,-0.3545538688901173
-1.2408982739682552,-1.3373233321611324,-1.8264567974369488,0.20855709323948923
1.8873264800213805,-1.3351559871931928,1.4164730442498628,-0.43686838433572484
-2.347867079833109,1.0206507602290313,-2.0208615299791974,0.5207292218423197
3.1634575767852615,-1.0225410233241683,2.8653657413423783,-0.6890917080548067
-0.7819376806947134,-0.9949278126111546,-1.2124354986798704,0.12601290556842798
-1.173466868692865,-2.1126591554888647,-2.069880616686831,0.16710407102388702
2.305976649839016,-0.8458435761875962,2.048085412218411,-0.5058763481555956
-2.387813314307962,-0.7800200799850465,-2.789902421015729,0.46501507418852017
-0.3419759569418999,-0.7518709284566617,-0.6582465885084112,0.04386074331187825
-0.2815630957335429,-1.8442047729368167,-1.0370414836486863,-0.007403283475250377
-0.8497344519739213,1.8603571680434756,-0.12889442098710546,0.2414178097079398
0.10569848789278612,-0.3229858291877943,-0.020972157011687864,-0.03328259941617044
-1.071565318477241,-1.1020581216286036,-1.555892818216574,0.1819718481066729
2.2653433373882135,-1.4060417651664565,1.7796005607835055,-0.5173891010427059
-1.396195507702458,2.531839167316456,-0.42389785066569297,0.3780288484608014
-1.0269098126266545,1.4557667881021858,-0.47600953528773515,0.26360715730689194
-0.26333121423733796,1.6440093885087057,0.39142181365674955,0.11273043186319963
2.1983374882756093,-0.25887366995164274,2.17372078018758,-0.46281699989883446
0.2704891933757166,-0.8265713517494994,-0.05368119403256477,-0.08517336516655363
-1.3383192559555048,3.435515735424467,0.0012550811313887245,0.3981833641702009
3.0757689862728617,-0.8623337299307627,2.8392252330539174,-0.6653070472439019
-0.8501909233046623,-0.9471523945194051,-1.2638665464227,0.1417937225105166
-2.0118135373072006,1.620602178168152,-1.4301426913017248,0.4726946163801535
-1.1337719025252149,1.0717601681383921,-0.7419350490247123,0.2720186149769458
-0.7594392727414974,-1.5618114977733848,-1.4181929760368246,0.10123559958714343
-0.31586915702752283,-0.6103067636764761,-0.5739845251992438,0.0435017954448276
-1.8874409061756423,-3.089160907632772,-3.2044335545723563,0.27974728920106695
0.664379634612042,0.9288224208878628,1.0638869495315062,-0.10410301377191367
-0.5282135794902254,-1.1042009864459885,-0.9936356143776074,0.06977627279053342
2.43333882298439,-1.0536550165963368,2.09610656647532,-0.5395383911879835
-0.4639398080225893,-1.2800810132402007,-0.9980952039754079,0.05026653900251052
0.17450552422266863,1.3043050309043687,0.7079178290871588,0.010318002344040289
0.5772066947251565,1.3723092061278477,1.1527525268900494,-0.07036311888549765
1.2565386090366073,-1.4482347516951084,0.7170376768804736,-0.3107230402126738
-1.0277878384340433,0.5904132327236894,-0.8266040831169835,0.2330523526374824
0.5683127047571896,1.027157978195119,1.004061206987552,-0.08078708639889488
2.745250270454422,-0.7233500765781657,2.5528421856160683,-0.5921687416751482
1.470000246017584,-0.35559767635223305,1.3797952997429763,-0.3159616575367812
1.0833678587355147,0.610916358154715,1.3696571643670707,-0.20185185204577372
1.6216005977154975,-1.582033403299043,1.041316181984715,-0.390805112909389
-2.0002123657930064,-3.117838433642125,-3.332896950849894,0.3019988574871291
3.7200850918368036,-1.4595986031090078,3.2656351734484605,-0.8194741909248874
-0.7487058389802148,-0.8511053252561845,-1.11987655321231,0.12426393266109412
-0.8485934189832058,1.5076262677999646,-0.2702484688783223,0.2286539188454643
-0.5900751738758714,-1.6277489737196524,-1.2693110553732303,0.06394568721459326
-0.022548631658211415,1.4630080726267534,0.5678243212932226,0.05661658401042802
-0.6638056689968452,1.019781338219631,-0.27587212623492663,0.1731958867715447
1.6015103903844712,0.001572584307142133,1.6604213329252722,-0.33041237314446287
-1.640387629271287,-2.8274808594716965,-2.8426470915713837,0.23806283576068665
1.655322886336217,-0.6918279964838591,1.4359926190523078,-0.36614495304025074
-0.3932324319682591,-0.32167762466939653,-0.537529446603829,0.06971718948628013
1.3042457707553932,-1.3066376190562408,0.8236994141749624,-0.3155380053722199
1.899232815505953,-0.5388994777951996,1.7505754648143503,-0.41104346496968547
1.6233303630100784,0.1933224474766898,1.7605203430459897,-0.3281042271375553
0.43492487716686895,-0.2661505505077918,0.3432008833828897,-0.09919905883092354
-0.8877755907365792,2.3019815127798995,0.010138154695277679,0.26495331204509515
-0.08613372751424547,-0.881485239520845,-0.4454712426617219,-0.013535445551179609
0.46155240615318777,-2.1224719674400845,-0.3793318595688251,-0.17062717963447996
-1.022332617193757,-1.581107563932411,-1.6984498692003935,0.15479771087961872
-0.5848019198797404,-2.1998601162160902,-1.4950328589867015,0.0425370837717845
1.2163546808140495,0.5148051180079083,1.46864506771299,-0.23270711565974683
4.602468790040514,-1.1355778096378035,4.311061895463066,-0.9900434678167048
-0.6084151299470246,-1.2963557231489333,-1.1544041877562572,0.07950065949458873
-0.6739145795812537,1.9799669091720786,0.10165678611763396,0.2093861046878605
-1.048254142503059,1.0544446846014432,-0.6603025751115248,0.25375719043335404
-1.3114050484086166,-0.04637331827543445,-1.3778634184601684,0.2689585081140875
0.7680235003618777,1.4106937364330796,1.366023715700658,-0.1083743993028688
-2.7677663949496236,-0.5894775382777837,-3.1066839811435893,0.550185344545571
0.337087477955489,1.1893950916149068,0.8299813163081846,-0.027311853039364953
-0.3868505734222908,-1.8613461034851646,-1.1530868596116552,0.013713728550239668
-1.8765305178392688,1.9822229787669488,-1.1438080578153889,0.4576234522075163
0.19291004426111036,1.3033777466000664,0.726617339021701,0.0064873335037674285
-0.41401231852254233,-0.7213531604937845,-0.7205721353778096,0.05980923441349559
0.7190974624988877,0.888712466136726,1.1043876295566353,-0.11681856188247675
-1.4197497033193887,1.1260257229281954,-1.0163905484842204,0.3329569461487024
2.34048536036921,-0.3292854315603242,2.2925881009277544,-0.4946498218582982
-1.7991989234167707,2.46925914560815,-0.8668539213706647,0.458964994655479
-0.25444555883219433,-0.8911097928024138,-0.6237968030094564,0.02085349044847523
-0.7993364881301422,-1.5668417234641134,-1.4615746503755265,0.10928963865462665
0.8975425283524763,0.7664586546389387,1.2399238349172796,-0.15798257904920004
-0.9159205229666953,2.474358904501771,0.050625837779876504,0.2768835294322959
0.0659839081180077,1.4125629546909324,0.6391937746925155,0.03655635416334707
-0.03123847126235299,0.2100031548197303,0.05248593911422583,0.01390496984647225
-0.6940958050446326,2.5877505368139264,0.32634320311073606,0.23513796601475054
-0.5368828787212877,-0.504288761514159,-0.7601991674472647,0.09287309315009859
-1.0990808249494373,-2.045543566085407,-1.9656667895973505,0.1541385097885971
-1.7406142931169526,0.18983139576050756,-1.7272416364282444,0.3659145299316071
-0.755981123779704,2.049824766300027,0.04483319201850078,0.2288015998901579
-0.607055361857104,-0.7945415083794843,-0.9502145994866111,0.09704371789365375
-1.0826270593320322,2.6151377490843704,-0.06525883547625344,0.3162833059972337
-0.0944004486410194,0.4422932134686195,0.0808927595918556,0.035188882019405426
0.911812277235966,0.754026135797367,1.2496889169233574,-0.16136869439476392
0.5174515152485482,1.1125720940030632,0.9858646602306613,-0.0672582155119597
